date,time
2025-11-03,06:46 PM
2025-11-02,05:15 PM
2025-11-02,03:06 PM
2025-11-02,09:28 PM
2025-11-01,06:51 PM
2025-10-31,05:11 PM
2025-10-31,01:09 PM
2025-10-30,11:44 PM
2025-10-30,10:36 PM
2025-10-30,05:32 PM
2025-10-30,06:40 AM
2025-10-29,09:10 PM
2025-10-29,07:48 PM
2025-10-29,05:18 PM
2025-10-28,07:19 PM
2025-10-28,01:22 PM
2025-10-27,10:54 AM
2025-10-26,07:35 PM
2025-10-26,02:07 PM
2025-10-26,09:12 AM
2025-10-26,06:02 AM
2025-10-26,03:45 AM
2025-10-25,10:41 PM
2025-10-25,04:45 PM
2025-10-24,10:21 PM
2025-10-23,08:14 PM
2025-10-23,04:13 PM
2025-10-23,10:04 AM
2025-10-23,03:44 AM
2025-10-23,02:02 AM
2025-10-22,09:24 PM
2025-10-22,04:05 AM
2025-10-21,10:00 PM
2025-10-21,09:37 AM
2025-10-20,10:06 PM
2025-10-20,07:49 PM
2025-10-20,12:19 PM
2025-10-20,04:18 AM
2025-10-19,04:28 PM
2025-10-18,05:44 AM
2025-10-18,03:46 AM
2025-10-17,08:36 PM
2025-10-17,12:13 PM
2025-10-17,05:44 AM
2025-10-17,01:46 AM
2025-10-16,02:01 PM
2025-10-16,06:01 AM
2025-10-15,02:19 PM
2025-10-15,10:39 PM
2025-10-15,01:46 AM
2025-10-14,05:13 PM
2025-10-14,12:59 PM
2025-10-14,01:07 AM
2025-10-13,11:42 PM
2025-10-13,08:30 PM
2025-10-11,08:42 PM
2025-10-10,08:42 AM
2025-10-09,11:56 PM
2025-10-09,10:48 PM
2025-10-08,11:54 PM
2025-10-05,03:58 AM
2025-10-04,07:46 PM
2025-10-04,12:21 PM
2025-10-04,10:57 AM
